,RegionID,Name,Subdivision
0,1,Baden-Württemberg,BW
1,2,Bayern,BY
2,3,Berlin,BE
3,4,Brandenburg,BB
4,5,Bremen,HB
5,6,Hamburg,HH
6,7,Hessen,HE
7,8,Niedersachsen,NI
8,9,Mecklenburg-Vorpommern,MV
9,10,Nordrhein-Westfalen ,NW
10,11,Rheinland-Pfalz,RP
11,12,Saarland,SH
12,13,Sachsen,SN
13,14,Sachsen-Anhalt,ST
14,15,Schleswig-Holstein,SH
15,16,Thüringen,TH